"Country Name","Country Code","Indicator Name","Indicator Code","1960","1961","1962","1963","1964","1965","1966","1967","1968","1969","1970","1971","1972","1973","1974","1975","1976","1977","1978","1979","1980","1981","1982","1983","1984","1985","1986","1987","1988","1989","1990","1991","1992","1993","1994","1995","1996","1997","1998","1999","2000","2001","2002","2003","2004","2005","2006","2007","2008","2009","2010","2011","2012","2013","2014","2015","2016","2017","2018","2019","2020","2021",
"Aruba","ABW","Bank capital to assets ratio (%)","FB.BNK.CAPA.ZS","","","","","","","","","","","","","","","","","","","","","","","","","","","","","","","","","","","","","","","","","","","","","","","","","","","","","","","","","","","","","","",
"Africa Eastern and Southern","AFE","Bank capital to assets ratio (%)","FB.BNK.CAPA.ZS","","","","","","","","","","","","","","","","","","","","","","","","","","","","","","","","","","","","","","","","","","","","","","","","","","","","","","","","","","","","","","",
"Afghanistan","AFG","Bank capital to assets ratio (%)","FB.BNK.CAPA.ZS","","","","","","","","","","","","","","","","","","","","","","","","","","","","","","","","","","","","","","","","","","","","","","","","","","","","8.24541177115674","7.62597903791835","11.6381513220985","11.8674762151377","9.23269367587705","11.4370971722688","11.6989358595343","11.0836292401481","","","",
"Africa Western and Central","AFW","Bank capital to assets ratio (%)","FB.BNK.CAPA.ZS","","","","","","","","","","","","","","","","","","","","","","","","","","","","","","","","","","","","","","","","","","","","","","","","","","","","","","","","","","","","","","",
"Angola","AGO","Bank capital to assets ratio (%)","FB.BNK.CAPA.ZS","","","","","","","","","","","","","","","","","","","","","","","","","","","","","","","","","","","","","","","","","","","","","","","","","","","9.25423745220691","9.44019549527723","9.55151655888075","10.2249569689872","8.91289884359989","9.44007218414204","10.8283059553168","12.3645924301501","14.1831450300624","9.87031380207947","8.96927105568948","10.0259673385746",
"Albania","ALB","Bank capital to assets ratio (%)","FB.BNK.CAPA.ZS","","","","","","","","","","","","","","","","","","","","","","","","","","","","","","","","","","","","","","","","","","","","","","","","","","","8.65738703548396","8.13171240346954","7.92991262699532","7.73182739633685","7.42400985630468","8.43098711693538","8.74722800678583","9.01864922404764","9.15081252889815","9.07841434175283","9.06900760368607","8.84649372363516",
"Andorra","AND","Bank capital to assets ratio (%)","FB.BNK.CAPA.ZS","","","","","","","","","","","","","","","","","","","","","","","","","","","","","","","","","","","","","","","","","","","","","","","","","","","","","","","","","","","","","","",
"Arab World","ARB","Bank capital to assets ratio (%)","FB.BNK.CAPA.ZS","","","","","","","","","","","","","","","","","","","","","","","","","","","","","","","","","","","","","","","","","","","","","","","","","","","","","","","","","","","","","","",
"United Arab Emirates","ARE","Bank capital to assets ratio (%)","FB.BNK.CAPA.ZS","","","","","","","","","","","","","","","","","","","","","","","","","","","","","","","","","","","","","","","","","","","","","","","","","","12.7087219554461","11.9573349173135","12.5956019975254","12.993306020068","12.5403877289777","12.5184598126835","12.8540035694888","13.1515333766196","12.871175027192","12.1610965391164","12.4301031322425","12.3081785895039","11.8260714068531",
"Argentina","ARG","Bank capital to assets ratio (%)","FB.BNK.CAPA.ZS","","","","","","","","","","","","","","","","","","","","","","","","","","","","","","","","","","","","","","","","","","","","","","9.24977263724113","8.81033399559022","8.85835629974667","8.58269638340699","8.54702664573378","7.23503359658627","6.86815902450533","7.2475325307913","10.1560460352012","9.99137338188928","9.43509134768433","8.86871247168992","10.1924279555023","8.64866000515038","9.72634066738099","12.4102181705815","12.983902466712",
"Armenia","ARM","Bank capital to assets ratio (%)","FB.BNK.CAPA.ZS","","","","","","","","","","","","","","","","","","","","","","","","","","","","","","","","","","","","","","","","","","","","","","21.5459003039343","22.9249264237646","22.4772305345731","20.4053322129654","20.9948105298055","17.7525801579801","14.9437272531709","13.5296315420868","12.6409406273296","11.6291669717805","11.8584501648748","12.9515014151532","12.7606199307314","12.5027652041209","11.8586401367831","11.5039275348061","",
"American Samoa","ASM","Bank capital to assets ratio (%)","FB.BNK.CAPA.ZS","","","","","","","","","","","","","","","","","","","","","","","","","","","","","","","","","","","","","","","","","","","","","","","","","","","","","","","","","","","","","","",
"Antigua and Barbuda","ATG","Bank capital to assets ratio (%)","FB.BNK.CAPA.ZS","","","","","","","","","","","","","","","","","","","","","","","","","","","","","","","","","","","","","","","","","","","","","","","","","","","","","","","","3.04616462244291","3.91139417544749","3.9474414670246","3.87413087895443","5.45499026741685","6.47596679835312","9.28716761396125",
"Australia","AUS","Bank capital to assets ratio (%)","FB.BNK.CAPA.ZS","","","","","","","","","","","","","","","","","","","","","","","","","","","","","","","","","","","","","","","","","","","","","","4.9390008943253","4.75092644765004","4.50428076628894","4.19912384001137","4.70300396072203","4.62021662059414","4.69684531050885","4.75557889210946","4.67249759967552","4.69700335511658","5.31731759650771","5.44397257111967","5.91271906081673","5.91854176977054","6.19862631822147","6.37432250408069","6.16933763669525",
"Austria","AUT","Bank capital to assets ratio (%)","FB.BNK.CAPA.ZS","","","","","","","","","","","","","","","","","","","","","","","","","","","","","","","","","","","","","","","","","","","","","","","3.79492045431925","3.81390595309035","3.61200383000281","4.58153542349424","5.09505050694966","4.98718024999289","5.12553014876497","5.36846249339605","5.21248631883844","5.37707549029426","6.19177596311036","6.89234780812498","6.87103074202291","7.50821379217828","7.26713946592396","",
"Azerbaijan","AZE","Bank capital to assets ratio (%)","FB.BNK.CAPA.ZS","","","","","","","","","","","","","","","","","","","","","","","","","","","","","","","","","","","","","","","","","","","","","","","","","","","","","","","","","","","","","","",
"Burundi","BDI","Bank capital to assets ratio (%)","FB.BNK.CAPA.ZS","","","","","","","","","","","","","","","","","","","","","","","","","","","","","","","","","","","","","","","","","","","","","","","","","","","11.7057508282479","13.1940270648007","14.2722721746241","14.5224971433787","13.4480304712174","13.4526172308718","13.828671765858","12.1741175762653","","","","",
"Belgium","BEL","Bank capital to assets ratio (%)","FB.BNK.CAPA.ZS","","","","","","","","","","","","","","","","","","","","","","","","","","","","","","","","","","","","","","","","","","","","","","7.86185860774988","3.04175824268251","4.29750948210309","3.88353933355231","4.52617221123913","5.02588260701211","4.9211814488282","5.33174062036665","5.78443559078967","5.37820418800116","5.68502314992685","5.87334161221032","6.34337174411597","6.33769140020729","6.23056877770938","6.25219150044764","6.17390054662305",
"Benin","BEN","Bank capital to assets ratio (%)","FB.BNK.CAPA.ZS","","","","","","","","","","","","","","","","","","","","","","","","","","","","","","","","","","","","","","","","","","","","","","","","","","","","","","","","","","","","","","",
"Burkina Faso","BFA","Bank capital to assets ratio (%)","FB.BNK.CAPA.ZS","","","","","","","","","","","","","","","","","","","","","","","","","","","","","","","","","","","","","","","","","","","","","","","","","","","","","","","","","","","","","","",
"Bangladesh","BGD","Bank capital to assets ratio (%)","FB.BNK.CAPA.ZS","","","","","","","","","","","","","","","","","","","","","","","","","","","","","","","","","","","","","","","","","","","","","","","","","","","","8.0054221465425","6.18702858460746","6.56102257085237","6.18389010006754","5.7247265660517","5.71072482772314","5.24619092380409","4.74201086025218","5.16828540729108","4.77446925869926","4.76216005308376",
"Bulgaria","BGR","Bank capital to assets ratio (%)","FB.BNK.CAPA.ZS","","","","","","","","","","","","","","","","","","","","","","","","","","","","","","","","","","","","","","","","","","","","","","","","","8.5563362653156","10.84215703164","10.4676943505694","10.7646981785138","10.0960726886888","10.3515203225993","11.5668782833913","12.0159015689814","11.6296074357592","11.3934047974268","10.8232721834834","11.594317854372","11.8822023363105","",
"Bahrain","BHR","Bank capital to assets ratio (%)","FB.BNK.CAPA.ZS","","","","","","","","","","","","","","","","","","","","","","","","","","","","","","","","","","","","","","","","","","","","","","","","","","","","","","","","","","","","","","",
"Bahamas, The","BHS","Bank capital to assets ratio (%)","FB.BNK.CAPA.ZS","","","","","","","","","","","","","","","","","","","","","","","","","","","","","","","","","","","","","","","","","","","","","","","","","","","","","","","","","","","","","","",
"Bosnia and Herzegovina","BIH","Bank capital to assets ratio (%)","FB.BNK.CAPA.ZS","","","","","","","","","","","","","","","","","","","","","","","","","","","","","","","","","","","","","","","","","20.439232259874","14.5276556119215","14.9329744356692","11.7934618614307","10.7372308611601","9.72960582201421","9.73688626796929","8.81780651745429","9.20404699400371","9.69789200026488","10.2770245780126","10.6136133018033","10.9337490886953","11.5376090431261","10.666361349263","10.0775141088994","10.8611634364823","10.6759898126584","10.4304601098","10.5108363786232","10.1870293872041","9.97461686926734",
"Belarus","BLR","Bank capital to assets ratio (%)","FB.BNK.CAPA.ZS","","","","","","","","","","","","","","","","","","","","","","","","","","","","","","","","","","","","","","","","","","","","","","","","","","","11.0965187240149","12.0225489372009","10.9835385205433","10.1769821077429","9.67766580307963","9.93939163995331","10.5859782359031","11.4954417188885","11.4812432073764","11.5463919967068","11.3681558222766","12.1401371939043",
"Belize","BLZ","Bank capital to assets ratio (%)","FB.BNK.CAPA.ZS","","","","","","","","","","","","","","","","","","","","","","","","","","","","","","","","","","","","","","","","","","","","","","","","","","","","","","","","","","","","","","",
"Bermuda","BMU","Bank capital to assets ratio (%)","FB.BNK.CAPA.ZS","","","","","","","","","","","","","","","","","","","","","","","","","","","","","","","","","","","","","","","","","","","","","","","","","","","","","","","","","","","","","","",
"Bolivia","BOL","Bank capital to assets ratio (%)","FB.BNK.CAPA.ZS","","","","","","","","","","","","","","","","","","","","","","","","","","","","","","","","","","","","","","","","","","","","","","","","","","","7.68539480893566","7.5351167253222","7.67717422206232","7.48548984386741","7.1451600357314","7.03798113217368","7.32457471338062","6.63942230277621","6.7287898522671","6.87991830877405","6.81023539088295","",
"Brazil","BRA","Bank capital to assets ratio (%)","FB.BNK.CAPA.ZS","","","","","","","","","","","","","","","","","","","","","","","","","","","","","","","","","","","","","","","","","","","","","","10.0181902860592","10.2393523448149","10.2540245906716","10.5496437737182","11.9485636678017","10.2993783970849","10.0825402305763","10.1489827569519","10.1473836254435","9.76484063411286","8.82953233073611","9.09720915683506","9.41253763159171","9.42741145299835","9.32997279016473","9.71309443914773","",
"Barbados","BRB","Bank capital to assets ratio (%)","FB.BNK.CAPA.ZS","","","","","","","","","","","","","","","","","","","","","","","","","","","","","","","","","","","","","","","","","","","","","","","","","","","","","","","","","10.2893273004235","10.5027849530793","8.23473616215785","7.63757386970654","10.2140827637815","10.3731748765441",
"Brunei Darussalam","BRN","Bank capital to assets ratio (%)","FB.BNK.CAPA.ZS","","","","","","","","","","","","","","","","","","","","","","","","","","","","","","","","","","","","","","","","","","","","","","","","","","9.71180997914372","9.15863229527661","8.07265859191256","6.79352283087438","9.51051306647269","9.77881655703147","10.9511111160457","11.0715627692031","9.50249159764374","11.0849494759084","11.1564894767294","11.9468105119918","10.0806410214118",
"Bhutan","BTN","Bank capital to assets ratio (%)","FB.BNK.CAPA.ZS","","","","","","","","","","","","","","","","","","","","","","","","","","","","","","","","","","","","","","","","","","","","","","","","","","8.18222996575437","8.09100817591632","12.0810518467523","16.964363970331","17.4978622038032","16.6112764865","17.6113939029","15.4489088582062","12.9710977197129","13.7365293816121","12.1762298867312","","",
"Botswana","BWA","Bank capital to assets ratio (%)","FB.BNK.CAPA.ZS","","","","","","","","","","","","","","","","","","","","","","","","","","","","","","","","","","","","","","","","","","","","","","","","","","","","","7.06078410566687","8.38265228013626","9.11141269872146","8.52432101821958","8.44034922621483","8.76612972477976","8.91952686381326","8.91081304800064","9.19113083750988","8.62583670401558",
"Central African Republic","CAF","Bank capital to assets ratio (%)","FB.BNK.CAPA.ZS","","","","","","","","","","","","","","","","","","","","","","","","","","","","","","","","","","","","","","","","","","","","","","","","","","","10.3844713841228","13.152331880037","14.1280772011506","19.087337952289","19.1593570742527","18.0602311442297","16.0897752358952","17.6941228680302","15.0788751459618","15.9197308599107","13.8170337238636","13.8533955288267",
"Canada","CAN","Bank capital to assets ratio (%)","FB.BNK.CAPA.ZS","","","","","","","","","","","","","","","","","","","","","","","","","","","","","","","","","","","","","","","","","","","","","","4.50904265128511","4.58166993633633","4.22304366211909","4.0461602097785","4.75623982302236","4.76631113956","4.8767155588592","4.61982973068852","4.30271410755344","4.4783876783578","4.55248540735644","4.65117202502206","4.79472477595189","4.78625179421219","4.70198129157197","4.55592923577073","4.7646332923412",
"Central Europe and the Baltics","CEB","Bank capital to assets ratio (%)","FB.BNK.CAPA.ZS","","","","","","","","","","","","","","","","","","","","","","","","","","","","","","","","","","","","","","","","","","","","","","","","","","","","","","","","","","","","","","",
"Switzerland","CHE","Bank capital to assets ratio (%)","FB.BNK.CAPA.ZS","","","","","","","","","","","","","","","","","","","","","","","","","","","","","","","","","","","","","","","","","","","","","","6.93464044371932","6.48851453820897","6.04732781329616","6.82046607411273","8.51122266859249","5.40141433444005","5.54786930868647","5.50258174332341","6.12922696123063","6.85289678961418","7.29080600484367","7.12062909171045","8.01710711367974","8.30050983901524","8.5879863137146","8.12586633711488","7.70484399222499",
"Channel Islands","CHI","Bank capital to assets ratio (%)","FB.BNK.CAPA.ZS","","","","","","","","","","","","","","","","","","","","","","","","","","","","","","","","","","","","","","","","","","","","","","","","","","","","","","","","","","","","","","",
"Chile","CHL","Bank capital to assets ratio (%)","FB.BNK.CAPA.ZS","","","","","","","","","","","","","","","","","","","","","","","","","","","","","","","","","","","","","","","","","","7.44365162359176","7.90303500003821","7.8834135092372","7.42285896371141","7.10101814881614","6.79388006091752","6.90688679593399","7.24915898284898","7.85398409913412","7.83995415608633","7.73891260114948","7.93992737990081","7.91156845586094","7.76993907852362","7.36574053509472","8.2490296702381","8.28941482443367","8.19181738377551","7.33892973803531","6.63929108433719","6.65192868012311",
"China","CHN","Bank capital to assets ratio (%)","FB.BNK.CAPA.ZS","","","","","","","","","","","","","","","","","","","","","","","","","","","","","","","","","","","","","","","","","","","","","","","","","","","","","","","6.86070750816753","7.06618760408165","6.87223521109835","7.08840806709445","7.37794222742463","7.57138184829879","7.54175994025084","7.75345301609578",
"Cote d'Ivoire","CIV","Bank capital to assets ratio (%)","FB.BNK.CAPA.ZS","","","","","","","","","","","","","","","","","","","","","","","","","","","","","","","","","","","","","","","","","","","","","","","","","","","","","","","","","","","","","","",
"Cameroon","CMR","Bank capital to assets ratio (%)","FB.BNK.CAPA.ZS","","","","","","","","","","","","","","","","","","","","","","","","","","","","","","","","","","","","","","","","","","","","","","","","","","","4.33976167932063","2.96466279675509","2.67567253552322","3.4159474333654","4.95120714208622","5.25827162947004","4.31495313303808","4.53806317619129","4.97924561086354","5.10782434312647","6.48635164296816","6.49007181333731",
"Congo, Dem. Rep.","COD","Bank capital to assets ratio (%)","FB.BNK.CAPA.ZS","","","","","","","","","","","","","","","","","","","","","","","","","","","","","","","","","","","","","","","","","","","","","","","","","","","","","","","","","","","","","","",
"Congo, Rep.","COG","Bank capital to assets ratio (%)","FB.BNK.CAPA.ZS","","","","","","","","","","","","","","","","","","","","","","","","","","","","","","","","","","","","","","","","","","","","","","","","","","","4.87161029279935","3.99004699889854","4.2541625248509","5.18905817514983","5.66068271528731","9.06308193668529","10.6322264163974","12.2012031068355","11.8327262133362","13.4652024351962","10.1237640826872","10.871702816348",
"Colombia","COL","Bank capital to assets ratio (%)","FB.BNK.CAPA.ZS","","","","","","","","","","","","","","","","","","","","","","","","","","","","","","","","","","","","","","","","","","","","","","8.59408808192789","8.72687533685099","9.39470293807273","9.04002871348989","9.80457832415508","9.79384919063988","10.233535978431","10.4630169388251","8.96216006550681","8.92944050877698","8.70103336460749","8.73123155064112","9.19236118254382","9.44158161307081","9.12952092394827","9.94698971962555","12.4267187595948",
"Comoros","COM","Bank capital to assets ratio (%)","FB.BNK.CAPA.ZS","","","","","","","","","","","","","","","","","","","","","","","","","","","","","","","","","","","","","","","","","","","","","","","","","","","17.3647301705058","16.1884799470155","10.7283277755773","11.2867043457682","11.898840844669","10.8790170382158","8.87767264717397","10.5408152245424","11.5432812447972","12.8102391076967","10.1107983076337","",
"Cabo Verde","CPV","Bank capital to assets ratio (%)","FB.BNK.CAPA.ZS","","","","","","","","","","","","","","","","","","","","","","","","","","","","","","","","","","","","","","","","","","","","","","","","","","","","","","","","","","","","","","",
"Costa Rica","CRI","Bank capital to assets ratio (%)","FB.BNK.CAPA.ZS","","","","","","","","","","","","","","","","","","","","","","","","","","","","","","","","","","","","","","","","","","","","","","","","","8.45403032751956","9.60531952316084","9.8971997388045","9.99751625407525","9.90514622129192","9.68715349338608","9.6786091492865","9.63798400461723","9.27887825075645","9.44245290012759","9.57077554773791","10.0203799762512","9.56169564877458","",
"Caribbean small states","CSS","Bank capital to assets ratio (%)","FB.BNK.CAPA.ZS","","","","","","","","","","","","","","","","","","","","","","","","","","","","","","","","","","","","","","","","","","","","","","","","","","","","","","","","","","","","","","",
"Cuba","CUB","Bank capital to assets ratio (%)","FB.BNK.CAPA.ZS","","","","","","","","","","","","","","","","","","","","","","","","","","","","","","","","","","","","","","","","","","","","","","","","","","","","","","","","","","","","","","",
"Curacao","CUW","Bank capital to assets ratio (%)","FB.BNK.CAPA.ZS","","","","","","","","","","","","","","","","","","","","","","","","","","","","","","","","","","","","","","","","","","","","","","","","","","","","","","","","","","","","","","",
"Cayman Islands","CYM","Bank capital to assets ratio (%)","FB.BNK.CAPA.ZS","","","","","","","","","","","","","","","","","","","","","","","","","","","","","","","","","","","","","","","","","","","","","","","","","","","","","","","","","","","","","","",
"Cyprus","CYP","Bank capital to assets ratio (%)","FB.BNK.CAPA.ZS","","","","","","","","","","","","","","","","","","","","","","","","","","","","","","","","","","","","","","","","","","","","","","","","","4.26267885630056","4.63488527505734","6.00399735711519","4.38694605574097","3.79657259931126","8.12294910290514","9.57783632893941","9.86910567244994","10.1841003639361","8.69778491699018","8.10080559529895","8.9201400679064","8.6621137957118","7.34038844640039",
"Czechia","CZE","Bank capital to assets ratio (%)","FB.BNK.CAPA.ZS","","","","","","","","","","","","","","","","","","","","","","","","","","","","","","","","","","","","","","","","","","","","","","19.5337773383992","","5.04308707793851","5.44559402433257","6.05432895380949","6.45344319456211","6.46273486055296","6.84600751136211","7.17579326112522","7.26746165220963","7.49087863999436","7.22772902801412","6.46241130104379","6.52009005338795","6.81838827125203","7.34036507017301","6.89515425057805",
"Germany","DEU","Bank capital to assets ratio (%)","FB.BNK.CAPA.ZS","","","","","","","","","","","","","","","","","","","","","","","","","","","","","","","","","","","","","","","","","","","","","","4.07","4.33","4.27","4.49","4.81","4.3","4.36","4.73","5.45","5.61","5.94","5.98","6.33","6.47","6.31","5.93","5.94",
"Djibouti","DJI","Bank capital to assets ratio (%)","FB.BNK.CAPA.ZS","","","","","","","","","","","","","","","","","","","","","","","","","","","","","","","","","","","","","","","","","","","","","","","","","","","","","3.84065495492612","4.16835116872092","4.29503163043564","5.25704228960036","5.7497855510536","5.38923860864114","6.29175234515156","6.64578493419695","6.06599474798883","5.64914566922866",
"Dominica","DMA","Bank capital to assets ratio (%)","FB.BNK.CAPA.ZS","","","","","","","","","","","","","","","","","","","","","","","","","","","","","","","","","","","","","","","","","","","","","","","","","","","","","","","","3.99938782361421","3.39346520365384","5.133194838263","4.926281","3.55511","4.203478","",
"Denmark","DNK","Bank capital to assets ratio (%)","FB.BNK.CAPA.ZS","","","","","","","","","","","","","","","","","","","","","","","","","","","","","","","","","","","","","","","","","","","","","","6.14434459967566","5.73891094358115","6.24080335115749","5.51643725044902","5.49293969650125","5.43221423673908","18.8515825040812","18.5209723415932","21.5676957874095","5.11626116632611","5.09551314591838","5.1392650088198","4.8842860668024","5.10154666878939","4.82945147545583","4.64546707811849","4.80616766230427",
"Dominican Republic","DOM","Bank capital to assets ratio (%)","FB.BNK.CAPA.ZS","","","","","","","","","","","","","","","","","","","","","","","","","","","","","","","","","","","","","","","","","","","","","","","","","9.68108503619065","9.18286583755586","8.96952417946048","9.46066973557239","9.52459619325938","9.11580829564496","9.08251625471953","9.05790863162295","9.10399726538651","9.44402912215013","9.61033604169124","","","",
"Algeria","DZA","Bank capital to assets ratio (%)","FB.BNK.CAPA.ZS","","","","","","","","","","","","","","","","","","","","","","","","","","","","","","","","","","","","","","","","","","","","","","","","","","7.70964610650411","8.22683150016243","7.91414049506706","8.30221130365328","8.27387493552104","7.93762814340674","9.01055609907528","9.87097594297722","9.77861563123438","9.94951991406034","9.85981341337905","10.2885446368503","",
"East Asia & Pacific (excluding high income)","EAP","Bank capital to assets ratio (%)","FB.BNK.CAPA.ZS","","","","","","","","","","","","","","","","","","","","","","","","","","","","","","","","","","","","","","","","","","","","","","","","","","","","","","","","","","","","","","",
"Early-demographic dividend","EAR","Bank capital to assets ratio (%)","FB.BNK.CAPA.ZS","","","","","","","","","","","","","","","","","","","","","","","","","","","","","","","","","","","","","","","","","","","","","","","","","","","","","","","","","","","","","","",
"East Asia & Pacific","EAS","Bank capital to assets ratio (%)","FB.BNK.CAPA.ZS","","","","","","","","","","","","","","","","","","","","","","","","","","","","","","","","","","","","","","","","","","","","","","","","","","","","","","","","","","","","","","",
"Europe & Central Asia (excluding high income)","ECA","Bank capital to assets ratio (%)","FB.BNK.CAPA.ZS","","","","","","","","","","","","","","","","","","","","","","","","","","","","","","","","","","","","","","","","","","","","","","","","","","","","","","","","","","","","","","",
"Europe & Central Asia","ECS","Bank capital to assets ratio (%)","FB.BNK.CAPA.ZS","","","","","","","","","","","","","","","","","","","","","","","","","","","","","","","","","","","","","","","","","","","","","","","","","","","","","","","","","","","","","","",
"Ecuador","ECU","Bank capital to assets ratio (%)","FB.BNK.CAPA.ZS","","","","","","","","","","","","","","","","","","","","","","","","","","","","","","","","","","","","","","","","","","","","11.1368319737237","10.6508759339031","10.6061629754371","10.5122870241772","11.7860758383678","12.613661031724","12.5949095429662","12.4309074825758","12.0392476435812","11.9382231731097","12.3092064569271","12.2451141965134","13.0404516611354","11.8708740707555","11.6634300716691","11.7769971865356","11.9147627822343","11.9593666528017","11.6143164933212",
"Egypt, Arab Rep.","EGY","Bank capital to assets ratio (%)","FB.BNK.CAPA.ZS","","","","","","","","","","","","","","","","","","","","","","","","","","","","","","","","","","","","","","","","","","","","","","","","","","","","","","","","","","","","","","",
"Euro area","EMU","Bank capital to assets ratio (%)","FB.BNK.CAPA.ZS","","","","","","","","","","","","","","","","","","","","","","","","","","","","","","","","","","","","","","","","","","","","","","","","","","","","","","","","","","","","","","",
"Eritrea","ERI","Bank capital to assets ratio (%)","FB.BNK.CAPA.ZS","","","","","","","","","","","","","","","","","","","","","","","","","","","","","","","","","","","","","","","","","","","","","","","","","","","","","","","","","","","","","","",
"Spain","ESP","Bank capital to assets ratio (%)","FB.BNK.CAPA.ZS","","","","","","","","","","","","","","","","","","","","","","","","","","","","","","","","","","","","","","","","","","","","","","6.25545588836071","6.36815075673161","6.69067125202897","5.86534706307561","6.41802585721542","6.0945984446498","5.92380483972576","4.53505751255773","5.33995094763897","5.61507541855652","6.00001242462912","6.15140677490154","6.05560632654632","6.04633140039262","6.09899130680541","5.91090648276954","5.78324237360126",
"Estonia","EST","Bank capital to assets ratio (%)","FB.BNK.CAPA.ZS","","","","","","","","","","","","","","","","","","","","","","","","","","","","","","","","","","","","","","","","","","","","","","","","","7.1406667873378","8.66183278135394","9.00580094150151","8.20051327149604","9.04806163615419","9.8749264718968","10.6800633483299","15.0486648783742","13.9638640124111","13.0952765067024","12.6974210538735","12.1046503114663","10.5469283348323","9.26624193499658",
"Ethiopia","ETH","Bank capital to assets ratio (%)","FB.BNK.CAPA.ZS","","","","","","","","","","","","","","","","","","","","","","","","","","","","","","","","","","","","","","","","","","","","","","","","","","","","","","","","","","8.67029277375942","8.59800738818191","7.97679529444072","7.15636506975936","7.05751396667351",
"European Union","EUU","Bank capital to assets ratio (%)","FB.BNK.CAPA.ZS","","","","","","","","","","","","","","","","","","","","","","","","","","","","","","","","","","","","","","","","","","","","","","","","","","","","","","","","","","","","","","",
"Fragile and conflict affected situations","FCS","Bank capital to assets ratio (%)","FB.BNK.CAPA.ZS","","","","","","","","","","","","","","","","","","","","","","","","","","","","","","","","","","","","","","","","","","","","","","","","","","","","","","","","","","","","","","",
"Finland","FIN","Bank capital to assets ratio (%)","FB.BNK.CAPA.ZS","","","","","","","","","","","","","","","","","","","","","","","","","","","","","","","","","","","","","","","","","","","","","","","","6.07915470551844","5.04959783379262","4.76133278881495","4.26358624091621","3.64715289300604","3.99955398497272","4.09704120474371","4.35706312340211","5.42519167579409","6.56997239440927","5.48573151051527","7.83653361719762","5.88198439540966","6.14251952164462","6.12052593287218",
"Fiji","FJI","Bank capital to assets ratio (%)","FB.BNK.CAPA.ZS","","","","","","","","","","","","","","","","","","","","","","","","","","","","","","","","","","","","","","","","","5.50182988528174","6.8892705160733","5.85036958168089","6.44567908642308","6.47699404437681","6.95905530880784","7.12646231656009","7.31599172803364","9.72929704695033","10.4642482320806","11.8476904014013","9.51586098706884","8.88381797074103","8.66747024581617","8.71391845779398","8.48449174720801","9.16668704973072","8.87085579071181","9.93781499519491","10.9598915193796","11.3897914402267","10.7835447006077",
"France","FRA","Bank capital to assets ratio (%)","FB.BNK.CAPA.ZS","","","","","","","","","","","","","","","","","","","","","","","","","","","","","","","","","","","","","","","","","","","","","","","","","2.96443634829966","3.65846380276455","3.88993974941601","3.89022617345404","4.26650883747211","4.53258062385818","4.2366463637383","4.67838137015214","5.15137252858059","5.37401395271466","5.41296527913727","5.4018377559901","5.3043701499748","5.26284521874151",
"Faroe Islands","FRO","Bank capital to assets ratio (%)","FB.BNK.CAPA.ZS","","","","","","","","","","","","","","","","","","","","","","","","","","","","","","","","","","","","","","","","","","","","","","","","","","","","","","","","","","","","","","",
"Micronesia, Fed. Sts.","FSM","Bank capital to assets ratio (%)","FB.BNK.CAPA.ZS","","","","","","","","","","","","","","","","","","","","","","","","","","","","","","","","","","","","","","","","","","","","","","","","","","","","","","7.27006326012274","6.83654700487515","7.27530803959724","6.28615934155792","6.2109555189957","6.01756888201231","6.10710713131734","5.58661427490228","5.34283869762069",
"Gabon","GAB","Bank capital to assets ratio (%)","FB.BNK.CAPA.ZS","","","","","","","","","","","","","","","","","","","","","","","","","","","","","","","","","","","","","","","","","","","","","","","","","","","9.87144834537989","6.65846385941459","5.91142203322365","6.33417716368371","5.53636414299379","4.51107270930726","4.66390125163836","7.69331174410151","6.90420477939379","9.88447227836733","9.81048327171666","10.1563892019535",
"United Kingdom","GBR","Bank capital to assets ratio (%)","FB.BNK.CAPA.ZS","","","","","","","","","","","","","","","","","","","","","","","","","","","","","","","","","","","","","","","","","","","","","","4.21689290154443","","","3.28295931568749","4.21560573168895","4.46978809972292","4.31505226672907","4.68267915880647","5.20138277526487","4.41712395678537","5.44791072080939","5.68544354048946","5.64421551163064","5.69430819582503","5.7212180797589","5.57257859037734","5.5508419561207",
"Georgia","GEO","Bank capital to assets ratio (%)","FB.BNK.CAPA.ZS","","","","","","","","","","","","","","","","","","","","","","","","","","","","","","","","","","","","","","","","","","24.3309570784225","19.5542841679761","18.2938834241566","17.5686256421803","14.2494618307523","16.9589653490917","15.7190186868295","16.1792214829569","15.5820156536606","12.7439690840371","11.9892039723696","13.58037264292","12.5916486672233","13.2151854999812","10.4317658870573","9.38293980613527","11.2974250111313","11.5503214868155","12.2781747717763","10.2938120344495","13.0395163956566",
"Ghana","GHA","Bank capital to assets ratio (%)","FB.BNK.CAPA.ZS","","","","","","","","","","","","","","","","","","","","","","","","","","","","","","","","","","","","","","","","","","","","","","","","","9.9896818000653","11.884154787662","12.4352584600057","10.6664605489132","11.1058718799713","9.98225727157144","10.6143601938163","10.5038444488751","9.18021886788584","8.90729617365833","12.2867438475838","10.6645401218628","9.76057450178404","9.01209167614903",
"Gibraltar","GIB","Bank capital to assets ratio (%)","FB.BNK.CAPA.ZS","","","","","","","","","","","","","","","","","","","","","","","","","","","","","","","","","","","","","","","","","","","","","","","","","","","","","","","","","","","","","","",
"Guinea","GIN","Bank capital to assets ratio (%)","FB.BNK.CAPA.ZS","","","","","","","","","","","","","","","","","","","","","","","","","","","","","","","","","","","","","","","","","","","","","","","","","","","","","","10.1903924477324","10.9148431811181","10.5554512684768","10.9826048365447","11.8624326173721","8.67771279722118","9.57935355188732","8.88153313972677","11.3530933851907",
"Gambia, The","GMB","Bank capital to assets ratio (%)","FB.BNK.CAPA.ZS","","","","","","","","","","","","","","","","","","","","","","","","","","","","","","","","","","","","","","","","","","","","","","12.5479136771439","12.4295682378559","10.88457575668","11.7252569858373","10.5023085112705","16.0410427539124","14.2964012107471","14.6543723207076","13.5201362308913","15.0487608372304","14.828307139203","14.4270314129251","14.411835767419","14.8611059021713","12.9577237938577","","",
"Guinea-Bissau","GNB","Bank capital to assets ratio (%)","FB.BNK.CAPA.ZS","","","","","","","","","","","","","","","","","","","","","","","","","","","","","","","","","","","","","","","","","","","","","","","","","","","","","","","","","","","","","","",
"Equatorial Guinea","GNQ","Bank capital to assets ratio (%)","FB.BNK.CAPA.ZS","","","","","","","","","","","","","","","","","","","","","","","","","","","","","","","","","","","","","","","","","","","","","","","","","","","8.24937272327286","9.72576963661808","7.7039044254147","8.38500153216674","9.54828949549848","11.2205751069511","12.9535716949494","13.3953729203177","12.8137272486193","-0.70632948506955","-0.170104698243849","-1.32252682911179",
"Greece","GRC","Bank capital to assets ratio (%)","FB.BNK.CAPA.ZS","","","","","","","","","","","","","","","","","","","","","","","","","","","","","","","","","","","","","","","","","","","","","","4.40371215061429","","","3.4828321406596","4.40632545846777","5.31702891281937","-1.26151865604048","4.50391951035432","7.2650484914582","8.07355026882126","10.1669047034253","10.4331869506799","11.997373253489","10.7157998546345","10.9783046101491","8.83237171883536","6.97082251307764",
"Grenada","GRD","Bank capital to assets ratio (%)","FB.BNK.CAPA.ZS","","","","","","","","","","","","","","","","","","","","","","","","","","","","","","","","","","","","","","","","","","","","","","","","","","","","","","","","4.61917831378133","5.03364705273528","5.84770781687411","5.54794556994747","4.48394219862678","7.31913231726389","7.15883199492767",
"Greenland","GRL","Bank capital to assets ratio (%)","FB.BNK.CAPA.ZS","","","","","","","","","","","","","","","","","","","","","","","","","","","","","","","","","","","","","","","","","","","","","","","","","","","","","","","","","","","","","","",
"Guatemala","GTM","Bank capital to assets ratio (%)","FB.BNK.CAPA.ZS","","","","","","","","","","","","","","","","","","","","","","","","","","","","","","","","","","","","","","","","","","","","","","","","","","6.9061472217302","6.72598895851595","6.7926841470379","6.62621061620691","6.91581201111458","6.94470475794164","6.86319318094466","7.05377047208768","6.96779716958349","7.08221947970916","6.93745434347598","6.47910281397957","6.59644201234953",
"Guam","GUM","Bank capital to assets ratio (%)","FB.BNK.CAPA.ZS","","","","","","","","","","","","","","","","","","","","","","","","","","","","","","","","","","","","","","","","","","","","","","","","","","","","","","","","","","","","","","",
"Guyana","GUY","Bank capital to assets ratio (%)","FB.BNK.CAPA.ZS","","","","","","","","","","","","","","","","","","","","","","","","","","","","","","","","","","","","","","","","","","","","","","","","","","","","","","","","","","","","","","",
"High income","HIC","Bank capital to assets ratio (%)","FB.BNK.CAPA.ZS","","","","","","","","","","","","","","","","","","","","","","","","","","","","","","","","","","","","","","","","","","","","","","","","","","","","","","","","","","","","","","",
"Hong Kong SAR, China","HKG","Bank capital to assets ratio (%)","FB.BNK.CAPA.ZS","","","","","","","","","","","","","","","","","","","","","","","","","","","","","","","","","","","","","","","","","","","","","","","","","","","","8.16","8.8","8.69","9.02","9.47","9.78443760400052","9.8335923309073","9.49140928226404","9.93660564443561","9.44471998719333","9.09026312855038",
"Honduras","HND","Bank capital to assets ratio (%)","FB.BNK.CAPA.ZS","","","","","","","","","","","","","","","","","","","","","","","","","","","","","","","","","","","","","","","","","","","","","","","9.33554544322143","9.53357849510794","10.6359148265941","10.8261703363545","10.5600928900933","10.5068171039379","10.7819863157659","10.6222578894955","10.8509344431924","7.63910596205416","10.3778463182606","11.0076637969775","11.1033165860794","11.2225480766743","10.4949073316459","10.3954800150839",
"Heavily indebted poor countries (HIPC)","HPC","Bank capital to assets ratio (%)","FB.BNK.CAPA.ZS","","","","","","","","","","","","","","","","","","","","","","","","","","","","","","","","","","","","","","","","","","","","","","","","","","","","","","","","","","","","","","",
"Croatia","HRV","Bank capital to assets ratio (%)","FB.BNK.CAPA.ZS","","","","","","","","","","","","","","","","","","","","","","","","","","","","","","","","","","","","","","","","","","","","","","","","","","","","","","","","","","","","","","11.6425477501667",
"Haiti","HTI","Bank capital to assets ratio (%)","FB.BNK.CAPA.ZS","","","","","","","","","","","","","","","","","","","","","","","","","","","","","","","","","","","","","","","","","","","","","","","","","","","","","","","","","","","","","","",
"Hungary","HUN","Bank capital to assets ratio (%)","FB.BNK.CAPA.ZS","","","","","","","","","","","","","","","","","","","","","","","","","","","","","","","","","","","","","","","","","","","","","","","","","7.62972463475248","8.15787809182926","8.27069932264254","8.2932075613857","9.47369914991514","9.93087229122764","8.53741171287908","8.21715459074335","9.60256392469865","10.2612691911582","10.9666434812049","11.7071381480151","10.1245463509826","8.38151555227117",
"IBRD only","IBD","Bank capital to assets ratio (%)","FB.BNK.CAPA.ZS","","","","","","","","","","","","","","","","","","","","","","","","","","","","","","","","","","","","","","","","","","","","","","","","","","","","","","","","","","","","","","",
"IDA & IBRD total","IBT","Bank capital to assets ratio (%)","FB.BNK.CAPA.ZS","","","","","","","","","","","","","","","","","","","","","","","","","","","","","","","","","","","","","","","","","","","","","","","","","","","","","","","","","","","","","","",
"IDA total","IDA","Bank capital to assets ratio (%)","FB.BNK.CAPA.ZS","","","","","","","","","","","","","","","","","","","","","","","","","","","","","","","","","","","","","","","","","","","","","","","","","","","","","","","","","","","","","","",
"IDA blend","IDB","Bank capital to assets ratio (%)","FB.BNK.CAPA.ZS","","","","","","","","","","","","","","","","","","","","","","","","","","","","","","","","","","","","","","","","","","","","","","","","","","","","","","","","","","","","","","",
"Indonesia","IDN","Bank capital to assets ratio (%)","FB.BNK.CAPA.ZS","","","","","","","","","","","","","","","","","","","","","","","","","","","","","","","","","","","","","","","","","","","","","","7.77656060636301","7.63777895246626","7.83432458392869","7.579854891937","7.86664838953077","8.18652095676075","8.62814831400534","9.00423180425004","9.59759906195034","9.961614035339","10.7746096789164","12.4254380685723","14.6182982891751","12.8231121824865","13.4039163891179","12.5634216351375","13.1696920960953",
"IDA only","IDX","Bank capital to assets ratio (%)","FB.BNK.CAPA.ZS","","","","","","","","","","","","","","","","","","","","","","","","","","","","","","","","","","","","","","","","","","","","","","","","","","","","","","","","","","","","","","",
"Isle of Man","IMN","Bank capital to assets ratio (%)","FB.BNK.CAPA.ZS","","","","","","","","","","","","","","","","","","","","","","","","","","","","","","","","","","","","","","","","","","","","","","","","","","","","","","","","","","","","","","",
"India","IND","Bank capital to assets ratio (%)","FB.BNK.CAPA.ZS","","","","","","","","","","","","","","","","","","","","","","","","","","","","","","","","","","","","","","","","","","","","","","5.22982329166892","","","6.32558822247969","","","5.86709064425737","6.12690108085791","6.07239638921747","6.31072146718646","6.67847337958985","6.70143866382393","7.04073187631062","6.89425620584035","8.02536160742248","7.81226700977292","7.82632507203676",
"Not classified","INX","Bank capital to assets ratio (%)","FB.BNK.CAPA.ZS","","","","","","","","","","","","","","","","","","","","","","","","","","","","","","","","","","","","","","","","","","","","","","","","","","","","","","","","","","","","","","",
"Ireland","IRL","Bank capital to assets ratio (%)","FB.BNK.CAPA.ZS","","","","","","","","","","","","","","","","","","","","","","","","","","","","","","","","","","","","","","","","","","","","","","4.3110870812443","4.77301753548027","4.88101095626835","4.34843083959112","6.68806260936811","8.38672321121946","6.88355873380307","7.37427317357875","7.54114085828058","9.75377067054334","12.4905010662019","13.0090654023298","12.343982221468","13.1166300272989","11.9168558564756","10.3356476538231","9.9161767102243",
"Iran, Islamic Rep.","IRN","Bank capital to assets ratio (%)","FB.BNK.CAPA.ZS","","","","","","","","","","","","","","","","","","","","","","","","","","","","","","","","","","","","","","","","","","","","","","","","","","","","","","","","","","","","","","",
"Iraq","IRQ","Bank capital to assets ratio (%)","FB.BNK.CAPA.ZS","","","","","","","","","","","","","","","","","","","","","","","","","","","","","","","","","","","","","","","","","","","","","","","","","","","","","","","","8.82500442874431","10.481532397324","14.1523281653292","15.2593269721114","13.5287760547504","","",
"Iceland","ISL","Bank capital to assets ratio (%)","FB.BNK.CAPA.ZS","","","","","","","","","","","","","","","","","","","","","","","","","","","","","","","","","","","","","","","","","","","","","","","","","","","","","","","19.8982496745725","20.465913739049","19.5263074044408","17.7493729526901","15.9261493408989","15.4438791390998","15.3815442567175","14.733190668004",
"Israel","ISR","Bank capital to assets ratio (%)","FB.BNK.CAPA.ZS","","","","","","","","","","","","","","","","","","","","","","","","","","","","","","","","","","","","","","","","","","","5.05704168640609","5.30804457239681","5.61521055151495","5.63470722131716","5.89202575946579","6.24852842842024","6.11421230635058","6.4796341858498","6.69775954397747","6.33331473583468","6.54394585130881","6.90109344470066","7.03776233520266","7.01242892585698","7.17401306606656","7.34651930350735","7.38245186914215","7.5020415067702","6.69310069570887","6.33456217801774",
"Italy","ITA","Bank capital to assets ratio (%)","FB.BNK.CAPA.ZS","","","","","","","","","","","","","","","","","","","","","","","","","","","","","","","","","","","","","","","","","","","","","","4.61242388248392","4.60416400229058","4.58925373403021","4.08938520667558","4.81644302856251","4.97901089089455","5.44795550454532","5.38561894112228","5.40437637297026","5.88069247298708","6.18553029060669","5.49301015373371","6.63508479542177","6.33332010943286","6.71281171151418","6.60331222306056","6.12242463285733",
"Jamaica","JAM","Bank capital to assets ratio (%)","FB.BNK.CAPA.ZS","","","","","","","","","","","","","","","","","","","","","","","","","","","","","","","","","","","","","","","","","","","","","","","","","","","","","","","","","","","","","","",
"Jordan","JOR","Bank capital to assets ratio (%)","FB.BNK.CAPA.ZS","","","","","","","","","","","","","","","","","","","","","","","","","","","","","","","","","","","","","","","","","","","","","","","","","","","","","","","","11.8766248114429","13.5452840124745","13.5674725608832","13.5209221569294","","","",
"Japan","JPN","Bank capital to assets ratio (%)","FB.BNK.CAPA.ZS","","","","","","","","","","","","","","","","","","","","","","","","","","","","","","","","","","","","","","","","","","","","","","","","","","","","","","","","","","","","","","",
"Kazakhstan","KAZ","Bank capital to assets ratio (%)","FB.BNK.CAPA.ZS","","","","","","","","","","","","","","","","","","","","","","","","","","","","","","","","","","","","","","","","","","","","","","","","","12.3072423893155","4.93936020471561","10.170039820498","10.1507935356438","10.1997863598347","9.84656111881687","11.3275844801466","10.2270536856602","10.6723576848779","11.9661819723633","11.3255898968925","12.7567888164857","11.8366710341198","",
"Kenya","KEN","Bank capital to assets ratio (%)","FB.BNK.CAPA.ZS","","","","","","","","","","","","","","","","","","","","","","","","","","","","","","","","","","","","","","","","","","","","","","","10.6939644008148","11.7940347730735","10.2954721793746","10.4140627537454","11.7140316647128","11.6385849298416","11.3813466553259","12.2660012411361","12.7116721263953","12.3913264211776","12.8168674186832","11.5264788551806","13.2351000758251","12.8120892163924","12.2883258305255","12.0863878807583",
"Kyrgyz Republic","KGZ","Bank capital to assets ratio (%)","FB.BNK.CAPA.ZS","","","","","","","","","","","","","","","","","","","","","","","","","","","","","","","","","","","","","","","","","","","","","","","","","","","15.6106698385287","16.030572886153","14.2124706293436","13.1963039063774","11.6632140397999","12.2120311951283","13.9922401618409","13.9016753127001","13.3153828499605","14.2930860329848","13.8107747217725","12.3503924762859",
"Cambodia","KHM","Bank capital to assets ratio (%)","FB.BNK.CAPA.ZS","","","","","","","","","","","","","","","","","","","","","","","","","","","","","","","","","","","","","","","","","","","","","","","","","","","18.9831395127209","16.4201614795865","15.43857707742","17.4021611148596","13.7721739573005","13.7727530286221","13.7464547087424","13.9688200493382","13.9287751283879","13.5502449414145","14.2124841791752","14.4436220823237",
"Kiribati","KIR","Bank capital to assets ratio (%)","FB.BNK.CAPA.ZS","","","","","","","","","","","","","","","","","","","","","","","","","","","","","","","","","","","","","","","","","","","","","","","","","","","","","","","","","","","","","","",
"St. Kitts and Nevis","KNA","Bank capital to assets ratio (%)","FB.BNK.CAPA.ZS","","","","","","","","","","","","","","","","","","","","","","","","","","","","","","","","","","","","","","","","","","","","","","","","","","","","","","","","6.65566491593678","6.91846501044181","7.16395107533336","6.6090552461269","7.87967181034947","7.14711600506468","8.1003151839511",
"Korea, Rep.","KOR","Bank capital to assets ratio (%)","FB.BNK.CAPA.ZS","","","","","","","","","","","","","","","","","","","","","","","","","","","","","","","","","","","","","","","","","","","","","","17.9179293311817","","","6.35232358433242","7.23794646341449","7.41001376639107","7.04197176921143","7.1447879320428","7.39197255767049","7.39431527974375","7.25376726491187","7.78634812340406","7.92958400669791","7.88168234892052","7.73411060383636","7.51046430039511","",
"Kuwait","KWT","Bank capital to assets ratio (%)","FB.BNK.CAPA.ZS","","","","","","","","","","","","","","","","","","","","","","","","","","","","","","","","","","","","","","","","","","","","","","","","10.9439642806736","9.91289346522696","10.2105954684001","11.4926070127833","11.3282656125365","11.0384460809472","11.0653864675177","10.2747346709378","10.8346723535516","11.4566913733892","11.4387899664859","11.6028591501557","11.1880133317311","11.7680557546601","",
"Latin America & Caribbean (excluding high income)","LAC","Bank capital to assets ratio (%)","FB.BNK.CAPA.ZS","","","","","","","","","","","","","","","","","","","","","","","","","","","","","","","","","","","","","","","","","","","","","","","","","","","","","","","","","","","","","","",
"Lao PDR","LAO","Bank capital to assets ratio (%)","FB.BNK.CAPA.ZS","","","","","","","","","","","","","","","","","","","","","","","","","","","","","","","","","","","","","","","","","","","","","","","","","","","","","","","","","","","","","","",
"Lebanon","LBN","Bank capital to assets ratio (%)","FB.BNK.CAPA.ZS","","","","","","","","","","","","","","","","","","","","","","","","","","","","","","","","","","","","","","","","","","","","","","","","","","","","7.45219194742443","8.16888610895809","","8.66462631665402","8.65398823359226","8.91684420449331","8.98833907611441","8.09122165937369","8.56312376259306","","",
"Liberia","LBR","Bank capital to assets ratio (%)","FB.BNK.CAPA.ZS","","","","","","","","","","","","","","","","","","","","","","","","","","","","","","","","","","","","","","","","","","","","","","","","","","","","","","","","","","","","","","",
"Libya","LBY","Bank capital to assets ratio (%)","FB.BNK.CAPA.ZS","","","","","","","","","","","","","","","","","","","","","","","","","","","","","","","","","","","","","","","","","","","","","","","","","","","","","","","","","","","","","","",
"St. Lucia","LCA","Bank capital to assets ratio (%)","FB.BNK.CAPA.ZS","","","","","","","","","","","","","","","","","","","","","","","","","","","","","","","","","","","","","","","","","","","","","","","","","","","","","","","","3.64676280197872","2.31859153086293","3.31182081249858","3.96330788495686","11.2266847019494","10.8259037649612","10.426392334266",
"Latin America & Caribbean","LCN","Bank capital to assets ratio (%)","FB.BNK.CAPA.ZS","","","","","","","","","","","","","","","","","","","","","","","","","","","","","","","","","","","","","","","","","","","","","","","","","","","","","","","","","","","","","","",
"Least developed countries: UN classification","LDC","Bank capital to assets ratio (%)","FB.BNK.CAPA.ZS","","","","","","","","","","","","","","","","","","","","","","","","","","","","","","","","","","","","","","","","","","","","","","","","","","","","","","","","","","","","","","",
"Low income","LIC","Bank capital to assets ratio (%)","FB.BNK.CAPA.ZS","","","","","","","","","","","","","","","","","","","","","","","","","","","","","","","","","","","","","","","","","","","","","","","","","","","","","","","","","","","","","","",
"Liechtenstein","LIE","Bank capital to assets ratio (%)","FB.BNK.CAPA.ZS","","","","","","","","","","","","","","","","","","","","","","","","","","","","","","","","","","","","","","","","","","","","","","","","","","","","","","","","","","","","","","",
"Sri Lanka","LKA","Bank capital to assets ratio (%)","FB.BNK.CAPA.ZS","","","","","","","","","","","","","","","","","","","","","","","","","","","","","","","","","","","","","","","","","","","","","","","","","","","","21.2568152337493","7.06540793782702","6.67915282830046","7.06684982304958","6.33586520518742","16.5034214266212","6.86150898089956","7.00625001241205","7.40992674549429","6.81670716392261","",
"Lower middle income","LMC","Bank capital to assets ratio (%)","FB.BNK.CAPA.ZS","","","","","","","","","","","","","","","","","","","","","","","","","","","","","","","","","","","","","","","","","","","","","","","","","","","","","","","","","","","","","","",
"Low & middle income","LMY","Bank capital to assets ratio (%)","FB.BNK.CAPA.ZS","","","","","","","","","","","","","","","","","","","","","","","","","","","","","","","","","","","","","","","","","","","","","","","","","","","","","","","","","","","","","","",
"Lesotho","LSO","Bank capital to assets ratio (%)","FB.BNK.CAPA.ZS","","","","","","","","","","","","","","","","","","","","","","","","","","","","","","","","","","","","","","","","","","","","","","","","","","4.74842538421204","5.19700458229209","5.51828996657184","6.81024074899514","5.88726430200156","6.22871225721664","6.95371578594703","8.9204929445171","9.50706221997094","10.0943646062096","10.2299978450955","11.1309646740818","10.678506618753",
"Late-demographic dividend","LTE","Bank capital to assets ratio (%)","FB.BNK.CAPA.ZS","","","","","","","","","","","","","","","","","","","","","","","","","","","","","","","","","","","","","","","","","","","","","","","","","","","","","","","","","","","","","","",
"Lithuania","LTU","Bank capital to assets ratio (%)","FB.BNK.CAPA.ZS","","","","","","","","","","","","","","","","","","","","","","","","","","","","","","","","","","","","","","","","","","","","","","","","","7.01201741648418","6.67997322272833","7.96194675399117","8.74865795357449","11.1210067595453","11.6346593720184","11.2608745499325","9.89325622703281","7.74932763930901","8.25494542625541","8.05900717149571","6.41309834562661","5.89539260995003","5.48365716205432",
"Luxembourg","LUX","Bank capital to assets ratio (%)","FB.BNK.CAPA.ZS","","","","","","","","","","","","","","","","","","","","","","","","","","","","","","","","","","","","","","","","","","","","","","","","","4.33501741653286","5.53732069049356","5.23441668004042","4.99762766316247","6.2837806517406","6.39190326438411","6.49562441480695","7.01051761355808","7.35565373285554","8.35098240479585","7.97870895703011","7.44086665982223","8.63865053727864","8.03297514860806",
"Latvia","LVA","Bank capital to assets ratio (%)","FB.BNK.CAPA.ZS","","","","","","","","","","","","","","","","","","","","","","","","","","","","","","","","","","","","","","","","","","","","","","","","","10.2002658604449","11.4662785547543","10.415013025552","8.21446671419229","8.71126431069441","8.91123820977197","8.58479537618779","9.03147287308198","8.49258521521282","9.72233088632771","11.0621409236515","8.50213272939958","9.25494408594655","8.59685250399926",
"Macao SAR, China","MAC","Bank capital to assets ratio (%)","FB.BNK.CAPA.ZS","","","","","","","","","","","","","","","","","","","","","","","","","","","","","","","","","","","","","","","","","","","","","","","","","","","3.02566553527111","2.66557353655877","2.66360944411215","2.35610041493609","2.21086510701937","2.90180951772756","3.12101095172312","3.29715364480685","3.14719427561576","3.10047481344768","3.07869994377043","2.84342283708316",
"St. Martin (French part)","MAF","Bank capital to assets ratio (%)","FB.BNK.CAPA.ZS","","","","","","","","","","","","","","","","","","","","","","","","","","","","","","","","","","","","","","","","","","","","","","","","","","","","","","","","","","","","","","",
"Morocco","MAR","Bank capital to assets ratio (%)","FB.BNK.CAPA.ZS","","","","","","","","","","","","","","","","","","","","","","","","","","","","","","","","","","","","","","","","","","","","","","","","","","","","","","","","","","","","","","",
"Monaco","MCO","Bank capital to assets ratio (%)","FB.BNK.CAPA.ZS","","","","","","","","","","","","","","","","","","","","","","","","","","","","","","","","","","","","","","","","","","","","","","","","","","","4.24664052157741","4.00016076136015","3.97136636161539","3.68474668643624","3.64473362976888","4.28818093989301","4.55842456604276","4.80625264012661","4.47240666716669","4.60213145217644","","",
"Moldova","MDA","Bank capital to assets ratio (%)","FB.BNK.CAPA.ZS","","","","","","","","","","","","","","","","","","","","","","","","","","","","","","","","","","","","","","","","","","","","","","","","","","15.8517802526817","15.7151866239762","15.578144297994","12.4208760231702","10.6509164310285","10.9775049331323","13.0613667246001","12.9683830563482","12.8284153963309","12.872702613354","12.5585345181765","12.8766778199826","12.3733032241753",
"Madagascar","MDG","Bank capital to assets ratio (%)","FB.BNK.CAPA.ZS","","","","","","","","","","","","","","","","","","","","","","","","","","","","","","","","","","","","","","","","","","","","","","7.97390992158233","7.66327850608399","8.15154762048628","7.57183182548186","7.78534462486089","8.20075170689017","7.94120528094271","8.07579949810673","8.60228920541078","8.50689500433874","8.68613024006593","7.96357558119191","6.81380534666926","6.7225420068162","6.77276246556793","6.81711834330317","6.72437879707316",
"Maldives","MDV","Bank capital to assets ratio (%)","FB.BNK.CAPA.ZS","","","","","","","","","","","","","","","","","","","","","","","","","","","","","","","","","","","","","","","","","","","","","","","","","","","","","17.1362271884126","16.0165072358973","16.4493904253109","16.6257726400782","18.5135000997154","19.7140632983486","19.3807311450659","20.8136663988193","19.0341930056221","15.7823913881667",
"Middle East & North Africa","MEA","Bank capital to assets ratio (%)","FB.BNK.CAPA.ZS","","","","","","","","","","","","","","","","","","","","","","","","","","","","","","","","","","","","","","","","","","","","","","","","","","","","","","","","","","","","","","",
"Mexico","MEX","Bank capital to assets ratio (%)","FB.BNK.CAPA.ZS","","","","","","","","","","","","","","","","","","","","","","","","","","","","","","","","","","","","","","","","","","","","","","8.01243524144114","8.75421643570766","9.20601878573051","9.3950167742401","9.6620080609842","9.34289309231915","8.57165956654608","9.37299842567994","8.88163155150784","9.25412896916963","8.6754339095559","8.39412635716319","9.08349506276239","9.13933147126224","9.8533861116762","9.74139485595411","",
"Marshall Islands","MHL","Bank capital to assets ratio (%)","FB.BNK.CAPA.ZS","","","","","","","","","","","","","","","","","","","","","","","","","","","","","","","","","","","","","","","","","","","","","","","","","","","","","","","","","","","","","","",
"Middle income","MIC","Bank capital to assets ratio (%)","FB.BNK.CAPA.ZS","","","","","","","","","","","","","","","","","","","","","","","","","","","","","","","","","","","","","","","","","","","","","","","","","","","","","","","","","","","","","","",
"North Macedonia","MKD","Bank capital to assets ratio (%)","FB.BNK.CAPA.ZS","","","","","","","","","","","","","","","","","","","","","","","","","","","","","","","","","","","","","","","","","","","","","","15.3788047958101","12.8542369672912","11.4165245837291","11.6966326443551","11.0303582106798","10.300777641982","10.6796686794882","10.7193534298928","10.5667508197075","9.91784416428484","10.1817930147926","10.1853648011785","9.82334580191848","10.3249369000384","10.2443720640152","10.3789075399371","10.5128570699218",
"Mali","MLI","Bank capital to assets ratio (%)","FB.BNK.CAPA.ZS","","","","","","","","","","","","","","","","","","","","","","","","","","","","","","","","","","","","","","","","","","","","","","","","","","","","","","","","","","","","","","",
"Malta","MLT","Bank capital to assets ratio (%)","FB.BNK.CAPA.ZS","","","","","","","","","","","","","","","","","","","","","","","","","","","","","","","","","","","","","","","","","","","","","","7.56870461676475","6.98246338719549","6.5818311184714","6.30015689596002","6.72398944853304","5.80361618389437","5.8580963627746","6.06773694234154","6.55250708579672","5.46054456114402","5.90027045402132","6.40502020846628","7.31420925681032","7.75773986440033","8.12309700319801","7.93402953773633","7.56580574249635",
"Myanmar","MMR","Bank capital to assets ratio (%)","FB.BNK.CAPA.ZS","","","","","","","","","","","","","","","","","","","","","","","","","","","","","","","","","","","","","","","","","","","","","","","","","","","","","","","","","","6.65687810501546","7.17424733418535","","","",
"Middle East & North Africa (excluding high income)","MNA","Bank capital to assets ratio (%)","FB.BNK.CAPA.ZS","","","","","","","","","","","","","","","","","","","","","","","","","","","","","","","","","","","","","","","","","","","","","","","","","","","","","","","","","","","","","","",
"Montenegro","MNE","Bank capital to assets ratio (%)","FB.BNK.CAPA.ZS","","","","","","","","","","","","","","","","","","","","","","","","","","","","","","","","","","","","","","","","","","","","","","","9.278288949291","6.99976602940986","8.76502759605075","9.5856054186088","9.32122271146935","10.0589430152621","9.02145181701268","8.16154484326269","8.88808525596183","8.61830334633787","8.57177331652092","8.54431526466382","8.35095490798902","10.0091859511862","9.88139864369675","9.20410780676035",
"Mongolia","MNG","Bank capital to assets ratio (%)","FB.BNK.CAPA.ZS","","","","","","","","","","","","","","","","","","","","","","","","","","","","","","","","","","","","","","","","","","","","","","","","","","","","","","","","","","","","","","",
"Northern Mariana Islands","MNP","Bank capital to assets ratio (%)","FB.BNK.CAPA.ZS","","","","","","","","","","","","","","","","","","","","","","","","","","","","","","","","","","","","","","","","","","","","","","","","","","","","","","","","","","","","","","",
"Mozambique","MOZ","Bank capital to assets ratio (%)","FB.BNK.CAPA.ZS","","","","","","","","","","","","","","","","","","","","","","","","","","","","","","","","","","","","","","","","","","","","","","","","","","","","","","9.0301062923343","8.63858208754202","8.50414915043759","8.43293181898779","9.96740143915543","10.8699174836197","12.6962225222711","12.3484416115374","13.1271987787708",
"Mauritania","MRT","Bank capital to assets ratio (%)","FB.BNK.CAPA.ZS","","","","","","","","","","","","","","","","","","","","","","","","","","","","","","","","","","","","","","","","","","","","","","","","","","","","","","","","","","","","","","",
"Mauritius","MUS","Bank capital to assets ratio (%)","FB.BNK.CAPA.ZS","","","","","","","","","","","","","","","","","","","","","","","","","","","","","","","","","","","","","","","","","","","","","","","","","","5.7331481422693","5.50665495778595","5.76404245185622","6.87647533995024","7.30901130458089","8.01082856525825","8.75347151376123","9.09744069552396","8.73106659616483","10.3718693463432","10.1869600177717","9.6128254520664","9.10789213254784",
"Malawi","MWI","Bank capital to assets ratio (%)","FB.BNK.CAPA.ZS","","","","","","","","","","","","","","","","","","","","","","","","","","","","","","","","","","","","","","","","","","","","","","","","","","","","","","","","10.1298729096031","10.0640506614528","9.86004661312894","8.32565548708042","9.25850847088125","9.13920842920308","",
"Malaysia","MYS","Bank capital to assets ratio (%)","FB.BNK.CAPA.ZS","","","","","","","","","","","","","","","","","","","","","","","","","","","","","","","","","","","","","","","","","","","","","","7.29152772731989","6.96759994845681","7.0460612668285","8.02764399135099","9.19910786288263","8.94781039356732","8.35386941671968","8.60134229410037","8.65153209199932","8.87047762404512","9.23616434321847","9.16337349484299","9.11377494270101","8.49977496131364","8.71109880568933","9.01814752357568","8.82650778072017",
"North America","NAC","Bank capital to assets ratio (%)","FB.BNK.CAPA.ZS","","","","","","","","","","","","","","","","","","","","","","","","","","","","","","","","","","","","","","","","","","","","","","","","","","","","","","","","","","","","","","",
"Namibia","NAM","Bank capital to assets ratio (%)","FB.BNK.CAPA.ZS","","","","","","","","","","","","","","","","","","","","","","","","","","","","","","","","","","","","","","","","","","","","","","","","","","","8.3391383685179","7.7916260289616","7.99392498542367","8.51510919374949","8.86966732033156","9.21830423792436","9.32105023101826","9.5188320595929","10.554282220997","9.28523021717754","9.60224521673964","9.2598770909426",
"New Caledonia","NCL","Bank capital to assets ratio (%)","FB.BNK.CAPA.ZS","","","","","","","","","","","","","","","","","","","","","","","","","","","","","","","","","","","","","","","","","","","","","","","","","","","","","","","","","","","","","","",
"Niger","NER","Bank capital to assets ratio (%)","FB.BNK.CAPA.ZS","","","","","","","","","","","","","","","","","","","","","","","","","","","","","","","","","","","","","","","","","","","","","","","","","","","","","","","","","","","","","","",
"Nigeria","NGA","Bank capital to assets ratio (%)","FB.BNK.CAPA.ZS","","","","","","","","","","","","","","","","","","","","","","","","","","","","","","","","","","","","","","","","","","","","","","","","15.6634827574928","17.9548517587487","4.07968103580839","1.49040679096377","10.6178209397358","10.8206414155406","10.3922915102556","10.4290365555203","12.3756754704187","11.3716903589116","6.8437108633879","8.48837325817171","7.76911790082352","6.77536905159206","",
"Nicaragua","NIC","Bank capital to assets ratio (%)","FB.BNK.CAPA.ZS","","","","","","","","","","","","","","","","","","","","","","","","","","","","","","","","","","","","","","","","","","","","","","","","","6.76557787144259","7.08666781955874","6.59282558490416","6.39806045184222","7.02289614603664","7.2249759721181","7.69096399838565","7.66968696675763","7.50499734854729","7.29875378491429","8.96818751362541","9.32702816597098","8.88828769731785","8.18252567378343",
"Netherlands","NLD","Bank capital to assets ratio (%)","FB.BNK.CAPA.ZS","","","","","","","","","","","","","","","","","","","","","","","","","","","","","","","","","","","","","","","","","","","","","","","","","3.54668230487191","4.4177396483715","4.4357408676855","4.32628856172995","4.55918624957978","4.79495406116236","4.59325915581999","5.07310585106144","5.45629052490244","5.70534420599312","5.8296435338352","87.8806677031007","89.4843203225038","84.7826615468987",
"Norway","NOR","Bank capital to assets ratio (%)","FB.BNK.CAPA.ZS","","","","","","","","","","","","","","","","","","","","","","","","","","","","","","","","","","","","","","","","","","","","","","","","","","","","","","","","","","","","","","",
"Nepal","NPL","Bank capital to assets ratio (%)","FB.BNK.CAPA.ZS","","","","","","","","","","","","","","","","","","","","","","","","","","","","","","","","","","","","","","","","","","","","","","","","","","","","","","","","","9.61031068522984","11.2618859650783","10.7330560641068","10.3645306386661","9.27253533136322","8.96482132881018",
"Nauru","NRU","Bank capital to assets ratio (%)","FB.BNK.CAPA.ZS","","","","","","","","","","","","","","","","","","","","","","","","","","","","","","","","","","","","","","","","","","","","","","","","","","","","","","","","","","","","","","",
"New Zealand","NZL","Bank capital to assets ratio (%)","FB.BNK.CAPA.ZS","","","","","","","","","","","","","","","","","","","","","","","","","","","","","","","","","","","","","","","","","","","","","","","","","","","","","","","","","","","","","","",
"OECD members","OED","Bank capital to assets ratio (%)","FB.BNK.CAPA.ZS","","","","","","","","","","","","","","","","","","","","","","","","","","","","","","","","","","","","","","","","","","","","","","","","","","","","","","","","","","","","","","",
"Oman","OMN","Bank capital to assets ratio (%)","FB.BNK.CAPA.ZS","","","","","","","","","","","","","","","","","","","","","","","","","","","","","","","","","","","","","","","","","","","","","","","","","","","","","","","","","","","","","","",
"Other small states","OSS","Bank capital to assets ratio (%)","FB.BNK.CAPA.ZS","","","","","","","","","","","","","","","","","","","","","","","","","","","","","","","","","","","","","","","","","","","","","","","","","","","","","","","","","","","","","","",
"Pakistan","PAK","Bank capital to assets ratio (%)","FB.BNK.CAPA.ZS","","","","","","","","","","","","","","","","","","","","","","","","","","","","","","","","","","","","","","","","","","","","","","","","","","","","","","6.75144668429113","7.38229064271826","6.98316925510985","6.29532787457238","5.81607008497907","5.84082282899512","5.94288777932888","5.79145205010607","5.13999075401632",
"Panama","PAN","Bank capital to assets ratio (%)","FB.BNK.CAPA.ZS","","","","","","","","","","","","","","","","","","","","","","","","","","","","","","","","","","","","","","","","","","","","","","12.7946976817766","12.1287142857308","11.9967024250431","11.6003318847199","10.8398139038407","11.5482423769556","11.212614187492","10.424496236502","9.80449529945923","10.0271381339535","10.1660266444292","11.449679519721","12.4809787364152","12.4873666379903","12.7099958279281","11.8046716942433","12.1533932149137",
"Peru","PER","Bank capital to assets ratio (%)","FB.BNK.CAPA.ZS","","","","","","","","","","","","","","","","","","","","","","","","","","","","","","","","","","","","","","","","","","","","","","","","","","","7.75101583270805","8.32352063611978","8.62027101448447","8.65380992500231","9.15862776417347","8.60621620440827","9.48063958668967","9.84060734352419","10.4452603966566","10.9194189462035","9.11999853080971","9.35682085930978",
"Philippines","PHL","Bank capital to assets ratio (%)","FB.BNK.CAPA.ZS","","","","","","","","","","","","","","","","","","","","","","","","","","","","","","","","","","","","","","","","","","","","","","","","","","8.0139152096676","8.51836042547271","9.07525458624715","9.97438974459132","9.1551358602105","8.38610218643157","8.38550540100489","8.34203634271391","8.70217360858571","9.29799940252323","9.51804257779994","9.72920278255682","9.66897962590551",
"Palau","PLW","Bank capital to assets ratio (%)","FB.BNK.CAPA.ZS","","","","","","","","","","","","","","","","","","","","","","","","","","","","","","","","","","","","","","","","","","","","","","","","","","","","","","","","","","","","","","",
"Papua New Guinea","PNG","Bank capital to assets ratio (%)","FB.BNK.CAPA.ZS","","","","","","","","","","","","","","","","","","","","","","","","","","","","","","","","","","","","","","","","","","","","","","","","","11.6621892334669","9.47547250112194","10.527852869693","9.70451065781641","10.1744932577921","11.8583980195046","13.1863227430093","13.3085968541513","13.2607369527477","14.2099582448356","14.464424022524","14.0126998228127","14.4622011858785","13.5378071585871",
"Poland","POL","Bank capital to assets ratio (%)","FB.BNK.CAPA.ZS","","","","","","","","","","","","","","","","","","","","","","","","","","","","","","","","","","","","","","","","","","","","","","","","","7.54273218486621","8.08424274283095","8.19847638274342","7.81802025057591","8.69342901326147","9.09819450894361","8.93797496385428","9.36957556840662","9.51434312460356","10.0177818195465","9.77049263157315","9.56345509614756","9.40355062373302","6.78334803701784",
"Pre-demographic dividend","PRE","Bank capital to assets ratio (%)","FB.BNK.CAPA.ZS","","","","","","","","","","","","","","","","","","","","","","","","","","","","","","","","","","","","","","","","","","","","","","","","","","","","","","","","","","","","","","",
"Puerto Rico","PRI","Bank capital to assets ratio (%)","FB.BNK.CAPA.ZS","","","","","","","","","","","","","","","","","","","","","","","","","","","","","","","","","","","","","","","","","","","","","","","","","","","","","","","","","","","","","","",
"Korea, Dem. People's Rep.","PRK","Bank capital to assets ratio (%)","FB.BNK.CAPA.ZS","","","","","","","","","","","","","","","","","","","","","","","","","","","","","","","","","","","","","","","","","","","","","","","","","","","","","","","","","","","","","","",
"Portugal","PRT","Bank capital to assets ratio (%)","FB.BNK.CAPA.ZS","","","","","","","","","","","","","","","","","","","","","","","","","","","","","","","","","","","","","","","","","","","","","","6.07108842839851","6.40648215544027","4.60609259063842","4.42782915754447","5.08878759962213","5.14474111116867","5.07172575956406","6.63041348692","6.74662853927925","6.41862362577497","7.16937013294391","6.50912717272775","7.63271285385605","7.01355268670888","7.63247910791788","7.36972327121168","6.61793895963021",
"Paraguay","PRY","Bank capital to assets ratio (%)","FB.BNK.CAPA.ZS","","","","","","","","","","","","","","","","","","","","","","","","","","","","","","","","","","","","","","","","","","","","","","","","","","","5.7686786365309","7.33094094456608","7.50883441321524","7.0029897419925","6.96611023384482","7.17880942250327","7.9365325329419","8.15646345630633","8.42352126780162","8.72192415412504","8.47026480320097","9.44583124525415",
"West Bank and Gaza","PSE","Bank capital to assets ratio (%)","FB.BNK.CAPA.ZS","","","","","","","","","","","","","","","","","","","","","","","","","","","","","","","","","","","","","","","","","","","","","","","","","7.97505918376389","9.65606140421304","10.70039580593","11.1624793770948","10.8256858254525","10.2542710109923","10.3622692760696","9.7131702028711","9.84390824703115","9.68182103767315","10.181958828354","9.42407147872485","8.17611450836364","8.01734749845187",
"Pacific island small states","PSS","Bank capital to assets ratio (%)","FB.BNK.CAPA.ZS","","","","","","","","","","","","","","","","","","","","","","","","","","","","","","","","","","","","","","","","","","","","","","","","","","","","","","","","","","","","","","",
"Post-demographic dividend","PST","Bank capital to assets ratio (%)","FB.BNK.CAPA.ZS","","","","","","","","","","","","","","","","","","","","","","","","","","","","","","","","","","","","","","","","","","","","","","","","","","","","","","","","","","","","","","",
"French Polynesia","PYF","Bank capital to assets ratio (%)","FB.BNK.CAPA.ZS","","","","","","","","","","","","","","","","","","","","","","","","","","","","","","","","","","","","","","","","","","","","","","","","","","","","","","","","","","","","","","",
"Qatar","QAT","Bank capital to assets ratio (%)","FB.BNK.CAPA.ZS","","","","","","","","","","","","","","","","","","","","","","","","","","","","","","","","","","","","","","","","","","","","","","","","","","","","","","","","","","","","","","",
"Romania","ROU","Bank capital to assets ratio (%)","FB.BNK.CAPA.ZS","","","","","","","","","","","","","","","","","","","","","","","","","","","","","","","","","","","","","","","","","","","","","","","","","","","","8.0723723842756","8.01952585078312","7.95696644289845","7.38359019833843","8.17832099493576","8.92436205660615","8.88864619461054","9.34211576597437","10.1990810675071","10.3263743113916","8.61977114859705",
"Russian Federation","RUS","Bank capital to assets ratio (%)","FB.BNK.CAPA.ZS","","","","","","","","","","","","","","","","","","","","","","","","","","","","","","","","","","","","","","","","","","","","","","","","","9.70816101161147","11.7728433426889","10.8416327444116","10.0444612873694","9.96417964467918","10.3640922518723","7.72430988424408","7.63338125563409","8.77133393961641","8.38444622632971","8.59723826196754","9.16300485073114","8.38565467349706","",
"Rwanda","RWA","Bank capital to assets ratio (%)","FB.BNK.CAPA.ZS","","","","","","","","","","","","","","","","","","","","","","","","","","","","","","","","","","","","","","","","","","","","","","","","","14.4959695093475","14.7656072014188","13.6500697343973","15.4989623589473","15.2550150731634","13.5084390852533","13.6661894541378","14.0710956479358","14.4380562061415","13.8421504299584","16.1672672662752","","","",
"South Asia","SAS","Bank capital to assets ratio (%)","FB.BNK.CAPA.ZS","","","","","","","","","","","","","","","","","","","","","","","","","","","","","","","","","","","","","","","","","","","","","","","","","","","","","","","","","","","","","","",
"Saudi Arabia","SAU","Bank capital to assets ratio (%)","FB.BNK.CAPA.ZS","","","","","","","","","","","","","","","","","","","","","","","","","","","","","","","","","","","","","","","","","","","","","","","","","","11.5330478934685","12.2285825263638","12.0101569576645","12.6534987593052","13.5433105997172","13.677327493038","13.9025544488238","14.7981889370371","15.416381791662","15.1918107914897","14.4257972483889","14.4349036142209","13.823886595034",
"Sudan","SDN","Bank capital to assets ratio (%)","FB.BNK.CAPA.ZS","","","","","","","","","","","","","","","","","","","","","","","","","","","","","","","","","","","","","","","","","","","","","","","","","","","","","","","","","","","","","","",
"Senegal","SEN","Bank capital to assets ratio (%)","FB.BNK.CAPA.ZS","","","","","","","","","","","","","","","","","","","","","","","","","","","","","","","","","","","","","","","","","","","","","","","","","","","","","","","","","","","","","","",
"Singapore","SGP","Bank capital to assets ratio (%)","FB.BNK.CAPA.ZS","","","","","","","","","","","","","","","","","","","","","","","","","","","","","","","","","","","","","","","","","","","","","","","","","7.8723935463483","9.09665946603969","9.1132626860378","8.02868558600608","8.46235298163152","7.91002963151823","7.89299433510758","8.33527954047096","8.52734577902533","8.37412119960357","8.04086712352321","8.23996458301581","","",
"Solomon Islands","SLB","Bank capital to assets ratio (%)","FB.BNK.CAPA.ZS","","","","","","","","","","","","","","","","","","","","","","","","","","","","","","","","","","","","","","","","","","","","","","","","","","","14.0923292012703","14.4935071240575","12.3072603314702","12.256873226181","13.1943884349369","11.3117207140222","11.4725581988212","12.4434508287055","11.8285596776744","12.7713134829434","12.9941743462373","",
"Sierra Leone","SLE","Bank capital to assets ratio (%)","FB.BNK.CAPA.ZS","","","","","","","","","","","","","","","","","","","","","","","","","","","","","","","","","","","","","","","","","","","","","","","","","","","","","","","","","","","","","","",
"El Salvador","SLV","Bank capital to assets ratio (%)","FB.BNK.CAPA.ZS","","","","","","","","","","","","","","","","","","","","","","","","","","","","","","","","","","","","","","","","","","","","","","","","","8.82808855907255","9.55104961010364","9.40913983394322","10.2151670069829","10.2456184684884","10.1826312654019","10.1425145493149","10.1461765806785","10.2290055039166","10.0164539068243","9.57589948456617","9.19076970526613","8.83857137681346","8.90011640889246",
"San Marino","SMR","Bank capital to assets ratio (%)","FB.BNK.CAPA.ZS","","","","","","","","","","","","","","","","","","","","","","","","","","","","","","","","","","","","","","","","","","","","","","","","","","10.4864062831784","9.50393611887601","8.54144378847603","6.21245513449301","7.26079589253585","6.20788397259295","6.91745044731219","6.21559255247132","6.50251723428062","6.20194384933339","4.24107106191948","4.01829638034386","5.14185685831727",
"Somalia","SOM","Bank capital to assets ratio (%)","FB.BNK.CAPA.ZS","","","","","","","","","","","","","","","","","","","","","","","","","","","","","","","","","","","","","","","","","","","","","","","","","","","","","","","","","","","","","","",
"Serbia","SRB","Bank capital to assets ratio (%)","FB.BNK.CAPA.ZS","","","","","","","","","","","","","","","","","","","","","","","","","","","","","","","","","","","","","","","","","","","","","","","","","","","","","","","","","","","","","","",
"Sub-Saharan Africa (excluding high income)","SSA","Bank capital to assets ratio (%)","FB.BNK.CAPA.ZS","","","","","","","","","","","","","","","","","","","","","","","","","","","","","","","","","","","","","","","","","","","","","","","","","","","","","","","","","","","","","","",
"South Sudan","SSD","Bank capital to assets ratio (%)","FB.BNK.CAPA.ZS","","","","","","","","","","","","","","","","","","","","","","","","","","","","","","","","","","","","","","","","","","","","","","","","","","","","","","","","","","","","","","",
"Sub-Saharan Africa","SSF","Bank capital to assets ratio (%)","FB.BNK.CAPA.ZS","","","","","","","","","","","","","","","","","","","","","","","","","","","","","","","","","","","","","","","","","","","","","","","","","","","","","","","","","","","","","","",
"Small states","SST","Bank capital to assets ratio (%)","FB.BNK.CAPA.ZS","","","","","","","","","","","","","","","","","","","","","","","","","","","","","","","","","","","","","","","","","","","","","","","","","","","","","","","","","","","","","","",
"Sao Tome and Principe","STP","Bank capital to assets ratio (%)","FB.BNK.CAPA.ZS","","","","","","","","","","","","","","","","","","","","","","","","","","","","","","","","","","","","","","","","","","","","","","","","","","","","","","","","","","","","","","",
"Suriname","SUR","Bank capital to assets ratio (%)","FB.BNK.CAPA.ZS","","","","","","","","","","","","","","","","","","","","","","","","","","","","","","","","","","","","","","","","","","","","","","","","","","","","","","","","","","","","","","",
"Slovak Republic","SVK","Bank capital to assets ratio (%)","FB.BNK.CAPA.ZS","","","","","","","","","","","","","","","","","","","","","","","","","","","","","","","","","","","","","","","","","","","","","","5.81822540668461","","","5.87375878453383","7.15060241596615","7.20044556619603","7.38675722976325","7.97466630039857","7.56089897018663","7.68843525323845","7.67578361556107","7.32132188353974","7.46188333876709","7.35267808828275","7.25977679932904","7.28797365139008","7.59887163228419",
"Slovenia","SVN","Bank capital to assets ratio (%)","FB.BNK.CAPA.ZS","","","","","","","","","","","","","","","","","","","","","","","","","","","","","","","","","","","","","","","","","","","","","","","","","8.52413818308396","8.09947375410093","7.51181119049074","7.77401945560563","7.5283570351795","8.15850455733114","10.2605395419742","11.1521213582355","11.5630790522057","11.5458297083325","10.6882483889617","10.6112869811398","9.52283689786663","9.16603251735785",
"Sweden","SWE","Bank capital to assets ratio (%)","FB.BNK.CAPA.ZS","","","","","","","","","","","","","","","","","","","","","","","","","","","","","","","","","","","","","","","","","","","","","","","","","","","","","","","","","5.60558774538325","5.63519438919293","5.38349189854714","5.65963915420548","5.66657186906629","6.5241327007721",
"Eswatini","SWZ","Bank capital to assets ratio (%)","FB.BNK.CAPA.ZS","","","","","","","","","","","","","","","","","","","","","","","","","","","","","","","","","","","","","","","","","","","","","","","","","","10.6906319405441","12.3485670452567","12.2325818193462","12.5470058289226","11.947401452715","12.6129242970574","12.9110548435677","12.9804981634284","13.4470320043955","13.1115288428394","4.48670176070464","","",
"Sint Maarten (Dutch part)","SXM","Bank capital to assets ratio (%)","FB.BNK.CAPA.ZS","","","","","","","","","","","","","","","","","","","","","","","","","","","","","","","","","","","","","","","","","","","","","","","","","","","","","","","","","","","","","","",
"Seychelles","SYC","Bank capital to assets ratio (%)","FB.BNK.CAPA.ZS","","","","","","","","","","","","","","","","","","","","","","","","","","","","","","","","","","","","","","","","","","","","","","","6.63117150081856","6.69468124280577","5.91558247139224","9.70857465641102","7.00079451034766","6.58219317797096","7.2270968385805","7.17774019143966","6.28385408719494","7.91375613175869","9.19133073779546","8.59154837379871","8.25772518298564","8.15860942153077","6.21744321567926","6.82689843624374",
"Syrian Arab Republic","SYR","Bank capital to assets ratio (%)","FB.BNK.CAPA.ZS","","","","","","","","","","","","","","","","","","","","","","","","","","","","","","","","","","","","","","","","","","","","","","","","","","","","","","","","","","","","","","",
"Turks and Caicos Islands","TCA","Bank capital to assets ratio (%)","FB.BNK.CAPA.ZS","","","","","","","","","","","","","","","","","","","","","","","","","","","","","","","","","","","","","","","","","","","","","","","","","","","","","","","","","","","","","","",
"Chad","TCD","Bank capital to assets ratio (%)","FB.BNK.CAPA.ZS","","","","","","","","","","","","","","","","","","","","","","","","","","","","","","","","","","","","","","","","","","","","","","","","","","","5.29540947868442","8.87073534166468","8.67027122719796","9.64925412777137","6.98169087402057","7.67957761114822","7.66841807466547","8.80764773237461","7.49452765815531","2.80324551053929","1.6354535842481","4.97688625177804",
"East Asia & Pacific (IDA & IBRD countries)","TEA","Bank capital to assets ratio (%)","FB.BNK.CAPA.ZS","","","","","","","","","","","","","","","","","","","","","","","","","","","","","","","","","","","","","","","","","","","","","","","","","","","","","","","","","","","","","","",
"Europe & Central Asia (IDA & IBRD countries)","TEC","Bank capital to assets ratio (%)","FB.BNK.CAPA.ZS","","","","","","","","","","","","","","","","","","","","","","","","","","","","","","","","","","","","","","","","","","","","","","","","","","","","","","","","","","","","","","",
"Togo","TGO","Bank capital to assets ratio (%)","FB.BNK.CAPA.ZS","","","","","","","","","","","","","","","","","","","","","","","","","","","","","","","","","","","","","","","","","","","","","","","","","","","","","","","","","","","","","","",
"Thailand","THA","Bank capital to assets ratio (%)","FB.BNK.CAPA.ZS","","","","","","","","","","","","","","","","","","","","","","","","","","","","","","","","","","","","","","","","","","","","","","","7.49835868728662","8.12576527218602","8.01713042293726","8.41159531801698","8.52694513123191","7.83666891526132","7.80675748469554","8.5231058704958","9.21213319829624","10.0338856006863","10.4577565481486","10.7278054805654","10.780239201828","11.297816687865","11.1375663812562","10.7058110582173",
"Tajikistan","TJK","Bank capital to assets ratio (%)","FB.BNK.CAPA.ZS","","","","","","","","","","","","","","","","","","","","","","","","","","","","","","","","","","","","","","","","","","","","","","","","","","","15.0798799393914","13.5639823510104","15.6129672176544","16.4511104573787","10.8218554441212","12.0626314465578","25.4531339058565","26.5927107372185","27.0417009043029","27.3758216756443","26.266746291981","20.9222699816233",
"Turkmenistan","TKM","Bank capital to assets ratio (%)","FB.BNK.CAPA.ZS","","","","","","","","","","","","","","","","","","","","","","","","","","","","","","","","","","","","","","","","","","","","","","","","","","","","","","","","","","","","","","",
"Latin America & the Caribbean (IDA & IBRD countries)","TLA","Bank capital to assets ratio (%)","FB.BNK.CAPA.ZS","","","","","","","","","","","","","","","","","","","","","","","","","","","","","","","","","","","","","","","","","","","","","","","","","","","","","","","","","","","","","","",
"Timor-Leste","TLS","Bank capital to assets ratio (%)","FB.BNK.CAPA.ZS","","","","","","","","","","","","","","","","","","","","","","","","","","","","","","","","","","","","","","","","","","","","","","","","","","","","","","","","","","","","","","",
"Middle East & North Africa (IDA & IBRD countries)","TMN","Bank capital to assets ratio (%)","FB.BNK.CAPA.ZS","","","","","","","","","","","","","","","","","","","","","","","","","","","","","","","","","","","","","","","","","","","","","","","","","","","","","","","","","","","","","","",
"Tonga","TON","Bank capital to assets ratio (%)","FB.BNK.CAPA.ZS","","","","","","","","","","","","","","","","","","","","","","","","","","","","","","","","","","","","","","","","","","","","","","","","","","8.4269625520111","8.26287755031108","8.13531771163183","16.5560578371966","17.7812976878054","20.3563465758394","19.6467562639964","16.8206005734775","15.332517350126","15.9679986098282","17.6617302487441","17.2063027656773","15.1721192540546",
"South Asia (IDA & IBRD)","TSA","Bank capital to assets ratio (%)","FB.BNK.CAPA.ZS","","","","","","","","","","","","","","","","","","","","","","","","","","","","","","","","","","","","","","","","","","","","","","","","","","","","","","","","","","","","","","",
"Sub-Saharan Africa (IDA & IBRD countries)","TSS","Bank capital to assets ratio (%)","FB.BNK.CAPA.ZS","","","","","","","","","","","","","","","","","","","","","","","","","","","","","","","","","","","","","","","","","","","","","","","","","","","","","","","","","","","","","","",
"Trinidad and Tobago","TTO","Bank capital to assets ratio (%)","FB.BNK.CAPA.ZS","","","","","","","","","","","","","","","","","","","","","","","","","","","","","","","","","","","","","","","","","","","","","","","12.1641165032584","13.253396304689","10.5651865400198","10.1553246301666","11.3867483270508","11.3539428989383","11.2065653107062","11.1033192496814","10.7596001657697","11.6900887415558","10.6778631000913","11.1702124453155","11.2154104719723","10.5466541274415","10.1809531850719","11.1937886550086",
"Tunisia","TUN","Bank capital to assets ratio (%)","FB.BNK.CAPA.ZS","","","","","","","","","","","","","","","","","","","","","","","","","","","","","","","","","","","","","","","","","","","","","","","","","","","","","","","","","","","","","","",
"Turkiye","TUR","Bank capital to assets ratio (%)","FB.BNK.CAPA.ZS","","","","","","","","","","","","","","","","","","","","","","","","","","","","","","","","","","","","","","","","","","","","","","12.312423540933","11.7157814952208","12.8333897205986","12.09170531708","12.4929387018599","12.2794464333769","11.7100822807637","12.1032143546041","10.9455943072528","11.5920383219933","11.0013146061286","10.7279929300049","10.7199157851098","10.7939209819866","11.7487038778921","10.5450686565039","7.17980140532299",
"Tuvalu","TUV","Bank capital to assets ratio (%)","FB.BNK.CAPA.ZS","","","","","","","","","","","","","","","","","","","","","","","","","","","","","","","","","","","","","","","","","","","","","","","","","","","","","","","","","","","","","","",
"Tanzania","TZA","Bank capital to assets ratio (%)","FB.BNK.CAPA.ZS","","","","","","","","","","","","","","","","","","","","","","","","","","","","","","","","","","","","","","","","","","","","","","","","","","","10.3042245853242","10.0198096087743","10.0617315052563","10.5828858705404","10.3461877007788","11.1088712350863","12.5169417955011","12.2573648738495","11.8525493910472","11.7003686980302","12.4243332180722","12.7048641937929",
"Uganda","UGA","Bank capital to assets ratio (%)","FB.BNK.CAPA.ZS","","","","","","","","","","","","","","","","","","","","","","","","","","","","","","","","","","","","","","","","","","","","","","9.43328616371471","9.95712902677738","9.37567481413804","11.778881491518","11.9455536060073","11.2632577583634","12.7574645426634","12.609585095918","12.1940673551832","12.8922167628663","13.0390994755939","11.6943591663771","13.8064720409132","13.9015883334752","13.6671318290233","13.3717064798432","14.6613584286501",
"Ukraine","UKR","Bank capital to assets ratio (%)","FB.BNK.CAPA.ZS","","","","","","","","","","","","","","","","","","","","","","","","","","","","","","","","","","","","","","","","","","","","","","9.53246671891929","9.26293927147304","8.75316997417969","10.3640529063408","12.1575133261736","12.3928800027842","12.5473272680795","12.1090481980515","12.2089558587239","10.3178985462767","6.90972750498834","6.07601156561548","6.49197722014219","6.02743159490985","6.93971027112341","7.18655634764637","6.88784549572173",
"Upper middle income","UMC","Bank capital to assets ratio (%)","FB.BNK.CAPA.ZS","","","","","","","","","","","","","","","","","","","","","","","","","","","","","","","","","","","","","","","","","","","","","","","","","","","","","","","","","","","","","","",
"Uruguay","URY","Bank capital to assets ratio (%)","FB.BNK.CAPA.ZS","","","","","","","","","","","","","","","","","","","","","","","","","","","","","","","","","","","","","","","","","","","","","","","","","7.80959011687568","8.2756678524986","7.80073263265782","9.16961736470746","8.96524690466602","9.30405877390843","9.19111456924678","8.53263522208311","9.17398633851876","10.1451755194852","10.9798499085854","11.0456863889828","10.2158600388512","",
"United States","USA","Bank capital to assets ratio (%)","FB.BNK.CAPA.ZS","","","","","","","","","","","","","","","","","","","","","","","","","","","","","","","","","","","","","","","","","","","","","","8.28118658625214","","","","8.56654508720971","8.799975245355","8.84510172420863","8.81227893874936","9.15159721181849","9.20274538590688","9.36191741166209","9.33143961937975","9.37951712686412","9.4405074456163","9.39570266980086","8.6063941052102","8.62368627738747",
"Uzbekistan","UZB","Bank capital to assets ratio (%)","FB.BNK.CAPA.ZS","","","","","","","","","","","","","","","","","","","","","","","","","","","","","","","","","","","","","","","","","","","","","","","","","","","12.3854799314985","10.8959316437067","10.0320057605494","9.76841031506305","10.0371981908106","9.0321877054387","8.53922465882503","10.578473273249","10.3284698283102","16.6576098282181","13.1495847350433","13.1762825696463",
"St. Vincent and the Grenadines","VCT","Bank capital to assets ratio (%)","FB.BNK.CAPA.ZS","","","","","","","","","","","","","","","","","","","","","","","","","","","","","","","","","","","","","","","","","","","","","","","","","","","","","","","","6.63559409877709","6.47339075531927","6.29483603146557","6.26813360623142","6.4523326375238","5.52555480434094","5.18295924349709",
"Venezuela, RB","VEN","Bank capital to assets ratio (%)","FB.BNK.CAPA.ZS","","","","","","","","","","","","","","","","","","","","","","","","","","","","","","","","","","","","","","","","","","","","","","","","","","","","","","","","","","","","","","",
"British Virgin Islands","VGB","Bank capital to assets ratio (%)","FB.BNK.CAPA.ZS","","","","","","","","","","","","","","","","","","","","","","","","","","","","","","","","","","","","","","","","","","","","","","","","","","","","","","","","","","","","","","",
"Virgin Islands (U.S.)","VIR","Bank capital to assets ratio (%)","FB.BNK.CAPA.ZS","","","","","","","","","","","","","","","","","","","","","","","","","","","","","","","","","","","","","","","","","","","","","","","","","","","","","","","","","","","","","","",
"Vietnam","VNM","Bank capital to assets ratio (%)","FB.BNK.CAPA.ZS","","","","","","","","","","","","","","","","","","","","","","","","","","","","","","","","","","","","","","","","","","","","","","","","","8.49660483267178","7.74991935028793","6.69884374235195","7.57910664692136","7.97137046755677","7.41635746688502","6.86384985813915","6.33740826221559","5.61605826300673","5.19387817397176","5.72640411911641","5.76740721151145","7.18670543745059","",
"Vanuatu","VUT","Bank capital to assets ratio (%)","FB.BNK.CAPA.ZS","","","","","","","","","","","","","","","","","","","","","","","","","","","","","","","","","","","","","","","","","","","","","","","","","","","11.9016859243638","12.0874441883293","13.4663580262623","12.8857993512756","12.348471155379","11.1699036829082","10.9397292906077","10.258497206666","","","","",
"World","WLD","Bank capital to assets ratio (%)","FB.BNK.CAPA.ZS","","","","","","","","","","","","","","","","","","","","","","","","","","","","","","","","","","","","","","","","","","","","","","","","","","","","","","","","","","","","","","",
"Samoa","WSM","Bank capital to assets ratio (%)","FB.BNK.CAPA.ZS","","","","","","","","","","","","","","","","","","","","","","","","","","","","","","","","","","","","","","","","","","","","","","","","","","","","","","","","","12.2459309995247","11.8359486882598","12.206967840503","11.9783404410199","12.4451059557461","12.7189786518107",
"Kosovo","XKX","Bank capital to assets ratio (%)","FB.BNK.CAPA.ZS","","","","","","","","","","","","","","","","","","","","","","","","","","","","","","","","","","","","","","","","","","","","","","","","","","","9.25672612372783","9.52311559049368","9.21227500928199","8.06305814752675","9.44813901032712","10.9823002544773","10.9061216358547","12.0013744007913","11.7324561800545","10.4987941091864","10.3140463905734","9.81800199453567",
"Yemen, Rep.","YEM","Bank capital to assets ratio (%)","FB.BNK.CAPA.ZS","","","","","","","","","","","","","","","","","","","","","","","","","","","","","","","","","","","","","","","","","","","","","","","","","","","","","","","","","","","","","","",
"South Africa","ZAF","Bank capital to assets ratio (%)","FB.BNK.CAPA.ZS","","","","","","","","","","","","","","","","","","","","","","","","","","","","","","","","","","","","","","","","","","","","","","","","","5.45350630049101","6.23096466231012","6.78389119750208","6.83583959729123","7.4369887255935","7.55530675097008","7.16761401120425","7.12183209283378","7.64707124159309","8.19395489709604","7.91208376467566","8.00795910510949","7.61014587740305","8.09058344861373",
"Zambia","ZMB","Bank capital to assets ratio (%)","FB.BNK.CAPA.ZS","","","","","","","","","","","","","","","","","","","","","","","","","","","","","","","","","","","","","","","","","","","","","","","","15.2171156023275","17.4751079368956","3.49856511403874","8.98677777119571","8.91589065952457","10.9781597459474","13.4838819880057","13.7494893821573","11.1603852797878","12.0867086689315","11.6547162298363","11.1582405977525","11.0903739287636","8.48029657275253","10.2572198898278",
"Zimbabwe","ZWE","Bank capital to assets ratio (%)","FB.BNK.CAPA.ZS","","","","","","","","","","","","","","","","","","","","","","","","","","","","","","","","","","","","","","","","","","","","","","","","","","","","","","","","","","","","","","",
